"team","season","rating","shots_outofbox","shots_sixyardbox","shots_penaltyarea","shots_openplay","shots_counter","shots_setpiece","shots_penaltytaken","shots_offtarget","shots_onpost","shots_ontarget","shots_blocked","shots_rightfoot","shots_leftfoot","shots_head","shots_other","goals_sixyardbox","goals_penaltyarea","goals_outofbox","goals_openplay","goals_counter","goals_setpiece","goals_penaltyscored","goals_own","goals_normal","goals_rightfoot","goals_leftfoot","goals_head","goals_other","shots_outofbox_home","shots_sixyardbox_home","shots_penaltyarea_home","shots_openplay_home","shots_counter_home","shots_setpiece_home","shots_penaltytaken_home","shots_offtarget_home","shots_onpost_home","shots_ontarget_home","shots_blocked_home","shots_rightfoot_home","shots_leftfoot_home","shots_head_home","shots_other_home","goals_sixyardbox_home","goals_penaltyarea_home","goals_outofbox_home","goals_openplay_home","goals_counter_home","goals_setpiece_home","goals_penaltyscored_home","goals_own_home","goals_normal_home","goals_rightfoot_home","goals_leftfoot_home","goals_head_home","goals_other_home","shots_outofbox_away","shots_sixyardbox_away","shots_penaltyarea_away","shots_openplay_away","shots_counter_away","shots_setpiece_away","shots_penaltytaken_away","shots_offtarget_away","shots_onpost_away","shots_ontarget_away","shots_blocked_away","shots_rightfoot_away","shots_leftfoot_away","shots_head_away","shots_other_away","goals_sixyardbox_away","goals_penaltyarea_away","goals_outofbox_away","goals_openplay_away","goals_counter_away","goals_setpiece_away","goals_penaltyscored_away","goals_own_away","goals_normal_away","goals_rightfoot_away","goals_leftfoot_away","goals_head_away","goals_other_away"
"Chelsea","2009-10","7.3","377","63","394","572","26","224","12","339","12","288","207","501","212","119","2","27","63","9","63","8","17","11","1","88","54","29","16","0","219","43","210","328","16","120","8","181","9","179","112","282","127","63","0","22","39","5","41","6","11","8","1","58","35","17","14","0","158","20","184","244","10","104","4","158","3","109","95","219","85","56","2","5","24","4","22","2","6","3","0","30","19","12","2","0"
"Manchester United","2009-10","7.19","280","35","380","512","22","153","8","294","10","221","180","452","135","105","3","13","54","9","51","6","13","6","0","70","45","16","14","1","186","30","188","268","12","122","2","166","6","132","106","239","92","71","2","10","23","7","25","3","10","2","0","38","31","5","4","0","130","10","160","215","16","66","3","134","3","85","81","189","71","38","2","4","20","6","19","5","4","2","0","28","19","8","3","0"
"Tottenham","2009-10","7.19","322","44","315","439","29","210","3","273","10","226","182","402","168","109","2","17","42","8","42","6","17","2","0","65","41","14","12","0","150","25","220","297","6","87","5","160","7","136","99","263","64","67","1","9","34","3","32","1","9","4","0","42","26","8","11","1","129","15","152","207","7","81","1","114","4","96","86","169","83","43","1","6","18","7","19","3","8","1","1","30","19","5","7","0"
"Arsenal","2009-10","7.17","268","39","353","456","36","164","4","247","8","233","180","378","196","83","3","14","45","18","49","9","16","3","2","74","48","18","11","0","139","24","201","249","29","83","3","133","4","137","94","209","113","40","2","8","27","11","30","6","8","2","1","44","29","13","4","0","89","22","119","139","9","78","4","87","3","80","63","129","51","50","0","6","12","3","12","0","7","2","0","19","14","2","5","0"
"Aston Villa","2009-10","7.06","195","48","254","299","18","172","8","217","5","158","122","259","114","124","0","14","26","8","23","4","16","5","3","43","26","10","12","0","162","39","181","257","11","112","2","153","9","130","99","235","90","55","2","12","26","3","27","3","9","2","2","39","26","10","4","1","136","14","127","171","17","88","1","107","4","94","76","163","76","38","0","7","19","1","17","3","7","0","0","27","10","9","8","0"
"Manchester City","2009-10","7.06","217","43","266","316","46","159","5","203","7","195","128","301","158","66","1","20","43","10","37","10","21","5","1","68","44","20","9","0","112","26","150","172","21","91","4","112","3","105","71","166","81","40","1","13","23","5","22","3","12","4","1","37","30","7","4","0","105","17","116","144","25","68","1","91","4","90","57","135","77","26","0","7","20","5","15","7","9","1","0","31","14","13","5","0"
"Liverpool","2009-10","7.04","297","52","293","445","19","175","3","269","16","189","184","402","145","93","2","15","36","7","37","4","14","3","2","55","38","13","6","1","106","26","135","160","9","94","4","130","2","78","59","130","63","74","0","8","14","5","11","4","9","3","3","24","12","8","7","0","124","15","111","153","6","88","3","85","4","80","85","121","85","44","0","6","14","3","10","1","10","2","2","21","8","6","9","0"
"Everton","2009-10","7","270","38","281","378","17","186","8","221","10","194","174","261","214","111","3","15","33","8","32","2","17","5","3","51","21","19","16","0","146","23","170","225","11","98","5","136","6","114","89","140","129","67","3","9","19","5","22","1","7","3","1","30","13","13","7","0","135","13","112","188","8","63","1","116","7","59","85","167","55","38","0","3","10","4","10","1","5","1","0","16","12","3","2","0"
"Birmingham","2009-10","6.91","197","42","213","264","25","159","4","173","4","155","124","226","149","71","6","13","16","8","17","4","14","2","1","35","23","7","3","4","97","16","131","150","20","67","7","95","5","90","59","131","69","44","0","6","22","2","17","4","4","5","1","25","16","9","5","0","92","18","104","124","8","81","1","77","0","77","60","111","63","40","0","5","7","6","7","2","9","0","0","18","13","2","3","0"
"Sunderland","2009-10","6.89","198","28","218","274","30","131","9","185","9","159","100","235","129","80","0","12","30","4","25","6","9","6","2","40","24","12","10","0","130","20","123","186","3","83","1","111","4","90","72","130","88","55","0","6","14","6","20","0","5","1","1","25","13","10","3","0","116","23","112","143","7","99","2","121","5","68","62","96","115","40","0","5","9","2","6","0","8","2","2","14","1","11","4","0"
"West Ham","2009-10","6.88","261","21","267","358","14","168","9","234","11","191","124","274","189","84","2","11","30","6","22","0","18","7","3","40","22","11","13","1","105","24","109","140","17","78","3","96","4","78","64","115","86","31","6","8","9","2","10","2","5","2","1","17","10","5","0","4","79","8","96","100","6","77","0","88","2","51","44","89","51","43","0","0","10","0","6","1","3","0","1","10","4","2","4","0"
"Fulham","2009-10","6.86","229","32","202","300","8","151","4","183","6","144","136","234","146","81","2","7","22","9","25","0","9","4","5","34","21","12","4","1","139","10","157","201","4","94","7","132","6","102","72","146","110","49","1","6","20","4","14","0","9","7","1","23","14","9","7","0","122","11","110","157","10","74","2","102","5","89","52","128","79","35","1","5","10","2","8","0","9","0","2","17","8","2","6","1"
"Bolton","2009-10","6.85","254","52","252","320","16","218","4","251","7","163","144","196","262","99","1","12","26","4","18","0","20","4","4","38","7","25","10","0","161","19","120","207","12","80","1","124","4","98","78","156","109","35","0","5","12","2","13","0","5","1","1","18","7","6","6","0","101","12","87","124","10","64","2","90","4","69","41","104","60","36","0","6","8","2","8","2","5","1","1","15","8","3","5","0"
"Stoke","2009-10","6.82","150","44","208","180","17","203","2","194","5","113","95","181","112","109","0","9","22","2","16","1","14","2","1","31","14","10","9","0","105","26","132","128","6","128","1","103","5","92","68","144","61","57","1","10","14","4","12","0","15","1","0","27","15","3","9","1","99","12","79","114","5","68","3","72","2","54","64","104","58","26","2","1","8","3","5","0","4","3","4","9","8","2","1","1"
"Wigan","2009-10","6.81","308","37","210","369","27","156","3","227","9","174","154","268","222","64","1","10","21","5","24","1","10","1","1","35","13","12","10","1","138","29","140","177","9","119","2","130","2","95","82","100","147","59","1","7","17","2","12","0","12","2","2","24","6","14","6","0","77","17","93","122","2","63","0","84","6","55","48","88","65","34","0","8","6","1","7","0","8","0","1","15","9","3","3","0"
"Blackburn","2009-10","6.8","183","54","252","250","12","224","3","205","13","161","123","252","131","105","1","13","21","5","13","2","21","3","1","36","21","6","11","1","71","36","112","80","11","126","2","106","3","62","51","92","61","66","0","9","12","2","10","0","11","2","0","21","10","8","5","0","117","12","91","153","6","58","3","103","2","69","48","114","84","21","1","6","3","1","4","1","4","1","2","9","4","4","2","0"
"Portsmouth","2009-10","6.72","272","37","224","351","16","160","6","229","3","151","153","286","177","68","2","12","19","3","17","2","12","3","3","31","16","11","7","0","155","25","133","198","10","102","3","126","1","82","105","172","93","47","1","6","16","2","13","1","8","2","1","22","12","7","5","0","78","28","120","122","6","96","2","102","8","69","55","108","70","48","0","3","7","1","1","2","6","2","1","9","6","3","2","0"
"Wolverhampton Wanderers","2009-10","6.71","176","38","222","278","6","150","2","194","6","119","123","204","148","83","1","9","16","3","14","0","12","2","3","26","14","8","6","0","114","9","117","162","7","68","3","110","7","78","52","129","76","35","0","2","21","2","18","1","3","3","1","22","11","8","6","0","147","18","90","162","15","76","2","103","5","76","76","112","113","29","1","5","9","3","11","1","5","0","0","17","6","6","4","1"
"Burnley","2009-10","6.67","227","21","211","299","21","133","6","204","13","153","102","246","145","68","0","8","30","4","30","2","4","6","2","36","24","12","6","0","99","21","129","156","4","87","2","110","0","64","75","116","83","49","1","1","10","2","7","0","4","2","2","11","5","5","3","0","113","12","94","137","14","65","3","94","6","75","50","117","69","33","0","6","9","2","12","1","1","3","1","14","13","4","0","0"
"Hull","2009-10","6.64","199","23","166","236","12","132","8","167","4","120","101","218","97","72","1","7","20","7","15","1","12","6","5","28","13","12","8","1","114","16","94","133","6","79","6","93","2","77","54","121","63","40","0","3","12","7","8","1","8","5","3","17","11","7","4","0","85","7","72","103","6","53","2","74","2","43","47","97","34","32","1","4","8","0","7","0","4","1","2","11","2","5","4","1"
"Chelsea","2010-11","7.05","324","59","362","490","28","219","8","319","16","244","182","421","202","120","2","18","42","8","40","4","18","6","1","62","39","17","12","0","149","25","172","251","15","78","2","135","6","123","88","209","96","41","0","14","31","2","36","3","7","1","1","46","23","13","11","0","119","21","164","214","14","73","3","129","7","113","62","165","97","41","1","5","27","5","30","2","4","1","1","36","23","10","4","0"
"Manchester United","2010-11","7.03","265","46","307","439","24","150","5","250","11","212","156","366","159","91","2","23","45","7","54","5","13","3","1","72","40","17","18","0","164","35","180","238","16","120","5","159","5","125","95","227","96","55","1","13","19","6","21","1","12","4","0","34","22","12","4","0","160","24","182","252","12","99","3","160","11","119","87","194","106","65","1","5","23","2","19","3","6","2","1","28","17","5","8","0"
"Arsenal","2010-11","7.02","232","50","372","451","28","168","7","263","19","238","153","354","205","94","1","15","50","5","54","3","9","4","1","66","39","22","9","0","129","26","162","227","12","75","3","122","4","113","82","203","55","59","0","9","25","2","23","3","7","3","2","33","26","3","7","0","109","15","116","167","15","57","1","95","3","71","74","113","100","25","2","5","16","4","20","0","4","1","0","24","14","9","1","1"
"Manchester City","2010-11","6.98","237","27","282","366","28","143","9","205","9","177","164","269","227","48","2","9","40","9","35","2","13","8","0","50","35","18","4","1","113","29","208","237","14","95","4","134","12","125","91","189","108","53","0","10","23","0","24","1","5","3","0","30","16","12","5","0","141","13","119","188","10","73","2","115","5","80","78","139","99","34","1","3","14","7","13","2","7","2","1","22","10","9","4","1"
"Tottenham","2010-11","6.98","341","34","282","419","27","203","8","268","11","191","198","323","247","85","2","9","30","14","33","3","12","5","1","48","18","24","10","1","128","12","166","199","13","86","8","110","6","106","90","156","127","23","0","4","24","5","15","2","9","7","0","26","21","9","3","0","131","12","100","175","7","61","0","110","3","73","60","146","61","36","0","4","11","3","13","1","4","0","3","18","7","6","5","0"
"Liverpool","2010-11","6.9","246","41","295","408","20","147","7","229","7","205","148","388","100","94","0","11","42","5","38","3","11","6","3","52","43","7","8","0","200","21","163","231","17","130","6","153","6","111","120","184","148","51","1","6","16","7","20","1","5","3","0","26","8","15","6","0","116","21","135","188","9","72","3","115","5","89","68","157","63","50","2","9","14","5","18","2","6","2","0","26","17","4","7","0"
"Fulham","2010-11","6.9","266","29","252","383","11","150","3","229","5","172","146","319","141","87","0","11","30","7","27","2","17","2","5","46","21","12","15","0","132","23","155","196","9","100","5","130","3","101","79","133","125","52","0","7","22","5","18","1","11","4","0","30","15","13","6","0","115","10","96","147","15","58","1","85","2","66","70","123","78","20","0","4","9","4","9","2","6","0","0","17","8","7","2","0"
"Bolton","2010-11","6.88","247","42","281","353","18","194","5","245","7","173","152","220","248","101","1","12","30","8","29","3","14","4","0","46","19","20","10","1","135","17","152","208","4","89","3","119","2","99","86","173","80","51","0","7","19","4","14","1","13","2","2","28","14","6","10","0","125","10","110","172","14","58","1","115","1","76","54","136","74","35","0","3","15","2","17","0","2","1","1","19","9","8","3","0"
"Sunderland","2010-11","6.83","268","24","240","366","26","135","5","245","9","154","133","316","136","78","2","8","29","5","28","2","8","4","1","38","22","12","7","1","101","36","161","190","10","93","5","119","4","107","72","151","77","70","0","14","22","4","20","1","14","5","2","35","20","10","10","0","115","19","126","157","9","94","0","115","4","72","73","87","123","49","1","5","8","3","11","2","3","0","0","16","4","7","4","1"
"Aston Villa","2010-11","6.82","194","47","265","320","22","158","6","214","16","165","127","251","138","117","0","13","26","6","28","4","9","4","1","41","22","10","13","0","99","23","152","172","8","92","2","119","9","82","73","143","68","63","0","6","12","6","15","2","5","2","0","22","11","7","6","0","117","15","133","181","8","72","4","107","3","92","66","185","45","35","0","2","17","3","15","0","4","3","1","19","17","4","1","0"
"Everton","2010-11","6.81","255","39","286","378","18","180","4","226","8","181","173","284","198","98","0","10","32","8","29","4","14","3","2","47","21","15","14","0","92","46","160","145","8","144","1","125","6","92","81","133","75","85","5","13","15","2","15","3","11","1","0","29","13","8","6","3","113","12","124","167","9","72","1","112","9","85","52","143","70","36","0","5","13","1","10","0","8","1","1","18","11","4","4","0"
"Wigan","2010-11","6.8","254","23","234","354","31","123","3","201","6","170","140","279","177","55","0","6","22","8","20","5","9","2","0","34","18","15","3","0","133","14","175","205","13","102","2","122","6","106","94","149","127","46","0","2","25","4","16","4","9","2","0","29","14","10","7","0","95","24","113","148","14","66","4","95","7","83","54","108","70","54","0","7","14","0","13","2","4","2","1","19","11","3","7","0"
"Newcastle United","2010-11","6.79","191","49","267","319","14","169","5","213","9","168","126","258","132","116","1","20","29","6","29","1","20","5","2","50","24","15","15","1","97","23","134","149","10","95","0","133","5","69","52","116","84","52","2","5","12","4","11","1","9","0","0","21","6","11","4","0","122","25","111","173","5","78","2","104","2","75","79","135","71","52","0","8","7","4","13","0","5","1","2","18","7","5","7","0"
"West Ham","2010-11","6.76","262","29","281","380","19","167","6","245","12","174","153","304","176","91","1","8","28","5","22","1","13","5","2","36","23","9","9","0","143","14","130","194","12","77","4","130","8","78","79","180","62","43","2","5","14","3","11","2","6","3","0","19","13","4","4","1","112","25","101","154","11","68","5","95","3","78","65","102","102","34","0","7","11","7","12","2","7","4","2","21","12","10","3","0"
"Stoke","2010-11","6.75","175","64","243","247","11","221","3","217","13","143","122","226","118","133","5","17","23","4","19","4","18","3","2","41","18","12","11","3","149","17","157","213","10","95","5","133","3","89","101","161","106","55","1","3","15","4","12","1","5","4","1","18","12","5","5","0","90","13","106","129","4","76","0","94","5","61","54","107","55","46","1","6","7","2","9","0","6","0","0","15","4","5","5","1"
"Blackburn","2010-11","6.74","163","43","247","256","13","182","2","212","8","135","106","200","142","108","3","12","23","7","22","1","18","1","1","41","16","17","9","0","139","13","138","207","16","65","2","116","4","104","70","156","99","35","0","2","13","4","11","3","3","2","0","17","10","8","1","0","130","16","124","182","8","77","3","122","6","84","64","135","95","40","0","5","17","3","16","0","7","2","3","23","15","5","5","0"
"Blackpool","2010-11","6.73","253","53","225","351","20","152","8","226","6","161","144","224","231","74","2","17","26","11","27","3","17","7","5","47","25","21","8","0","105","22","102","135","9","84","1","117","4","57","55","130","46","52","1","8","9","2","10","0","8","1","2","18","13","3","3","0","66","20","113","107","3","87","2","79","3","66","54","84","58","56","1","7","11","3","11","0","9","1","1","20","10","6","5","0"
"West Bromwich Albion","2010-11","6.7","284","41","272","403","22","166","6","264","11","184","149","294","206","97","0","14","33","6","35","3","11","4","5","49","27","16","10","0","154","25","148","221","14","89","3","142","5","100","85","159","111","57","0","9","16","3","19","3","4","2","2","26","12","11","5","0","83","12","77","105","13","53","1","76","5","64","32","100","35","36","1","7","10","1","8","1","8","1","2","17","8","3","7","0"
"Birmingham","2010-11","6.68","188","34","179","240","22","137","2","193","9","121","87","230","81","88","2","15","19","3","18","1","16","2","4","35","21","6","10","0","101","28","126","151","4","99","1","102","4","81","72","79","114","59","3","9","16","4","18","0","10","1","1","28","11","11","6","1","83","18","83","102","3","77","2","92","7","51","41","93","43","48","0","4","8","2","4","1","7","2","2","12","5","4","5","0"
"Wolverhampton Wanderers","2010-11","6.65","179","49","231","282","7","167","3","188","9","139","132","143","212","101","3","14","26","5","25","1","16","3","2","42","16","18","10","1","141","28","124","197","9","84","3","131","3","83","79","122","129","40","2","10","15","4","15","1","10","3","3","26","13","11","5","0","78","21","105","131","3","68","2","86","5","58","60","64","98","42","0","5","10","1","7","1","6","2","1","14","5","7","4","0"
"Manchester United","2011-12","7.15","253","59","334","447","22","166","11","227","13","243","176","406","145","93","2","22","50","15","58","2","18","9","2","78","56","14","16","1","152","36","216","277","12","106","9","143","6","147","114","246","97","59","2","9","32","10","34","0","10","7","0","44","35","8","7","1","101","23","118","170","10","60","2","84","7","96","62","160","48","34","0","13","18","5","24","2","8","2","2","34","21","6","9","0"
"Manchester City","2011-12","7.12","288","56","394","549","25","156","8","276","17","250","212","395","274","66","3","18","53","20","59","6","19","7","2","84","54","25","10","2","153","33","219","297","15","85","8","138","8","144","123","224","152","27","2","11","32","10","34","2","10","7","0","46","34","13","5","1","135","23","175","252","10","71","0","138","9","106","89","171","122","39","1","7","21","10","25","4","9","0","2","38","20","12","5","1"
"Tottenham","2011-12","7.04","331","40","330","492","34","170","5","278","9","230","193","322","297","81","1","11","40","14","47","5","9","4","1","61","32","28","5","0","182","22","187","281","19","91","0","155","6","125","111","180","166","44","1","7","23","9","31","2","6","0","0","39","19","16","4","0","149","18","143","211","15","79","5","123","3","105","82","142","131","37","0","4","17","5","16","3","3","4","1","22","13","12","1","0"
"Arsenal","2011-12","6.94","222","53","362","446","34","154","3","235","12","237","165","327","212","98","0","16","48","10","54","10","8","2","5","72","39","26","9","0","120","27","203","235","18","97","0","137","7","120","93","172","122","56","0","7","26","6","30","6","3","0","2","39","19","17","3","0","102","26","159","211","16","57","3","98","5","117","72","155","90","42","0","9","22","4","24","4","5","2","3","33","20","9","6","0"
"Chelsea","2011-12","6.9","324","39","308","478","19","169","5","289","17","224","158","329","246","94","2","17","41","5","43","2","14","4","1","59","35","15","12","1","185","24","158","262","8","94","3","163","11","131","73","182","127","57","1","10","26","4","29","1","7","3","0","37","22","10","8","0","139","15","150","216","11","75","2","126","6","93","85","147","119","37","1","7","15","1","14","1","7","1","1","22","13","5","4","1"
"Fulham","2011-12","6.83","257","30","254","389","17","131","4","196","17","195","150","235","236","68","2","9","28","6","28","3","9","3","2","40","20","14","7","2","152","22","157","229","12","87","3","113","9","123","95","145","145","39","2","5","25","3","21","2","7","3","1","30","14","12","5","2","127","20","139","195","13","75","3","119","10","105","62","148","97","41","0","5","15","2","12","3","6","1","0","21","12","8","2","0"
"Liverpool","2011-12","6.82","277","48","342","468","23","170","6","308","24","207","152","324","224","119","0","10","25","7","24","3","14","1","3","41","21","13","8","0","112","14","127","177","3","67","6","103","7","82","68","168","45","40","0","3","20","3","15","1","5","5","2","21","20","2","4","0","103","17","88","141","19","46","2","88","2","67","53","128","46","33","1","5","8","6","10","3","5","1","1","18","11","4","4","0"
"Sunderland","2011-12","6.81","217","32","209","313","31","112","2","192","9","141","125","260","117","80","1","8","22","13","29","3","10","1","1","42","21","14","8","0","144","17","130","195","10","85","1","123","8","78","90","168","70","53","0","9","12","6","22","1","4","0","0","27","17","6","4","0","80","10","106","116","16","62","2","85","1","61","50","88","68","40","0","3","9","5","12","1","2","2","1","15","9","6","2","0"
"Swansea","2011-12","6.8","221","32","219","349","4","113","6","190","10","145","137","316","93","63","0","7","28","8","30","1","7","5","2","38","30","6","7","0","150","28","203","273","10","95","3","189","14","102","90","176","127","78","0","5","10","5","12","0","8","0","3","20","9","5","6","0","109","18","92","172","1","46","0","87","3","63","69","148","48","23","0","4","8","5","15","0","2","0","0","17","10","4","3","0"
"Newcastle United","2011-12","6.78","235","31","223","327","22","137","3","201","14","154","134","297","116","76","0","15","26","10","37","4","8","2","0","49","28","17","6","0","114","15","121","172","12","66","0","104","7","74","72","132","71","47","0","3","14","7","19","0","5","0","0","24","10","10","4","0","105","8","97","160","5","44","1","83","8","72","55","90","91","29","0","4","3","3","7","1","2","0","1","10","6","2","2","0"
"Aston Villa","2011-12","6.77","179","31","228","263","22","150","3","194","5","138","106","183","163","91","1","9","20","8","30","1","3","3","2","34","22","12","3","0","135","19","134","194","6","85","3","113","8","96","79","129","101","55","3","3","21","3","16","0","8","3","1","24","15","6","6","0","108","8","127","166","4","69","4","87","3","80","76","115","90","38","0","3","15","2","14","0","3","3","1","17","10","9","1","0"
"Everton","2011-12","6.75","225","32","263","358","13","144","5","217","11","164","139","239","185","91","5","9","32","7","29","1","13","5","3","43","25","14","9","0","160","20","113","205","5","80","3","132","5","82","79","174","75","43","1","5","13","5","13","0","8","2","1","21","13","2","7","1","91","14","93","132","12","52","2","78","6","76","44","129","46","23","0","6","14","4","15","3","4","2","0","22","11","11","2","0"
"West Bromwich Albion","2011-12","6.73","244","42","258","389","10","142","3","227","9","167","150","295","150","98","1","9","25","10","25","3","15","1","3","43","20","15","9","0","99","21","122","147","6","88","1","109","4","77","56","95","95","51","1","6","11","3","18","0","1","1","1","19","13","6","1","0","116","23","100","170","8","59","2","97","4","83","59","132","72","35","0","6","12","6","13","2","9","0","2","24","11","9","4","0"
"Queens Park Rangers","2011-12","6.71","296","38","205","389","7","140","3","235","13","150","154","313","143","82","1","8","26","7","28","0","11","2","2","39","24","6","10","1","69","41","104","111","4","94","5","101","3","61","52","98","38","78","0","7","16","2","10","0","11","4","1","21","11","4","10","0","90","13","129","164","7","59","2","104","3","68","60","110","84","36","2","6","11","4","13","1","5","2","2","19","10","8","3","0"
"Bolton","2011-12","6.68","222","21","252","329","7","153","6","181","4","162","152","230","180","85","0","7","29","6","24","0","13","5","1","37","16","19","7","0","128","19","158","219","2","83","1","130","5","84","91","163","78","63","1","3","13","4","12","1","6","1","1","19","9","6","5","0","116","12","106","173","13","42","6","103","3","77","54","134","77","23","0","1","16","3","9","1","6","4","0","16","10","8","2","0"
"Norwich","2011-12","6.67","233","42","239","344","25","143","2","229","2","164","121","239","169","104","2","15","32","5","30","4","16","2","1","50","24","12","15","1","133","32","113","184","14","78","2","123","2","80","75","141","80","55","2","11","15","2","15","1","10","2","0","26","14","5","8","1","100","10","126","160","11","65","0","106","0","84","46","98","89","49","0","4","17","3","15","3","6","0","1","24","10","7","7","0"
"Wigan","2011-12","6.66","257","31","231","379","20","113","7","219","10","162","138","278","176","65","0","3","25","13","23","2","11","5","1","36","24","11","6","0","123","24","127","168","4","96","6","114","6","84","76","137","94","43","0","7","14","2","11","1","9","2","1","21","11","7","5","0","136","18","92","184","2","60","0","103","8","68","75","139","68","39","0","3","13","2","15","0","3","0","1","18","11","4","3","0"
"Stoke","2011-12","6.65","137","60","179","207","11","152","6","196","4","94","86","186","71","118","1","13","20","2","14","1","16","4","3","31","15","6","14","0","141","19","125","206","7","71","1","116","7","85","84","144","99","42","0","2","9","10","14","1","5","1","1","20","14","3","4","0","93","13","107","156","2","52","3","88","2","65","60","74","89","50","0","4","15","2","14","0","5","2","1","19","11","5","5","0"
"Blackburn","2011-12","6.63","214","39","200","276","10","159","8","184","10","143","126","224","153","75","1","15","22","7","19","2","19","4","3","40","18","12","13","1","114","13","125","163","3","84","2","94","1","82","76","115","90","47","0","4","14","4","10","0","10","2","0","20","6","10","6","0","91","15","73","108","6","63","2","70","4","59","50","87","59","32","1","8","8","5","8","1","10","2","2","19","7","5","8","1"
"Wolverhampton Wanderers","2011-12","6.58","194","37","242","341","3","125","4","193","7","152","128","159","194","119","1","8","29","3","27","1","9","3","2","37","16","15","9","0","101","24","135","185","1","73","1","105","5","87","68","85","105","69","1","4","14","1","13","1","4","1","1","18","5","10","4","0","68","19","75","96","7","58","1","95","1","33","34","88","33","40","1","6","4","0","4","1","5","0","2","10","4","2","4","0"
"Manchester United","2012-13","7.03","191","50","319","399","23","131","7","220","16","213","127","259","200","100","1","25","46","9","51","3","22","4","5","76","36","30","14","0","132","29","188","257","16","71","5","126","6","118","105","160","131","58","0","11","28","6","29","4","8","4","0","41","20","18","7","0","89","22","153","178","15","66","5","96","7","104","64","126","90","47","1","10","24","3","22","2","9","4","1","33","17","13","7","0"
"Arsenal","2012-13","7.03","243","40","315","437","36","119","6","219","12","205","174","278","236","84","0","15","47","7","45","7","12","5","0","64","30","28","11","0","102","28","166","221","8","65","2","124","9","109","63","133","110","53","0","15","22","6","29","1","13","0","4","43","19","17","7","0","111","11","127","180","20","48","1","93","6","87","69","118","105","26","0","4","19","1","16","3","4","1","0","23","10","10","4","0"
"Liverpool","2012-13","6.99","318","34","387","538","27","168","6","296","16","232","211","420","241","77","1","9","46","12","50","1","11","5","4","62","39","19","9","0","128","23","188","242","5","91","1","135","11","116","88","171","100","67","1","3","21","9","23","3","6","1","0","32","14","13","6","0","124","16","181","234","15","70","2","120","6","106","95","181","106","33","1","5","22","8","26","1","6","2","3","33","19","11","5","0"
"Tottenham","2012-13","6.98","369","36","276","494","34","153","0","247","9","241","193","333","273","74","1","13","33","16","46","6","10","0","0","62","28","28","6","0","113","29","195","223","20","89","5","136","6","115","86","194","94","49","0","6","28","6","24","3","9","4","0","36","24","13","3","0","142","15","136","201","16","76","0","107","6","112","74","137","119","37","0","6","19","9","26","5","3","0","0","34","16","15","3","0"
"Chelsea","2012-13","6.96","294","29","304","453","15","148","11","231","2","212","184","391","159","75","2","12","49","11","45","3","15","9","2","63","38","18","16","0","167","15","190","270","8","88","6","140","0","121","111","232","92","46","2","5","30","5","26","2","7","5","2","35","26","6","8","0","127","14","114","183","7","60","5","91","2","91","73","159","67","29","0","7","19","6","19","1","8","4","0","28","12","12","8","0"
"Manchester City","2012-13","6.96","245","46","368","456","33","164","6","254","9","230","175","389","187","82","1","9","46","9","40","6","14","4","2","60","40","18","6","0","227","21","140","293","18","77","0","140","3","129","119","196","154","37","1","7","14","7","20","1","7","0","0","28","12","13","3","0","132","17","173","233","13","75","1","118","3","115","89","195","93","33","1","3","18","3","16","3","5","0","2","24","16","5","3","0"
"Everton","2012-13","6.93","248","49","336","439","12","180","2","253","16","207","173","335","176","120","2","9","33","11","37","3","11","2","0","51","20","19","13","1","194","18","206","304","12","98","4","176","10","126","116","239","135","44","0","4","24","4","24","0","5","3","1","29","20","8","4","0","120","26","148","197","7","89","1","118","5","91","85","164","76","53","1","6","12","2","14","0","5","1","0","19","6","6","7","1"
"Swansea","2012-13","6.83","197","22","286","397","12","96","0","208","7","167","130","295","137","73","0","7","34","6","40","2","5","0","1","47","24","16","7","0","87","33","148","165","9","90","4","104","4","96","68","125","75","68","0","7","21","5","19","2","8","4","1","29","18","9","6","0","88","15","83","131","10","43","2","70","3","66","50","87","76","22","1","4","11","4","12","2","3","2","0","17","8","7","4","0"
"Fulham","2012-13","6.82","217","33","210","329","19","106","6","185","9","160","115","216","182","61","1","12","26","7","29","2","8","6","0","39","21","14","10","0","120","12","174","250","3","53","0","129","5","97","80","174","86","46","0","5","21","2","24","0","4","0","0","28","16","7","5","0","77","10","112","147","9","43","0","79","2","70","50","121","51","27","0","2","13","4","16","2","1","0","1","19","8","9","2","0"
"Aston Villa","2012-13","6.8","189","22","227","305","23","107","3","171","7","141","126","204","154","80","0","7","28","12","28","6","10","3","6","44","27","13","7","0","137","20","132","214","5","69","1","121","7","93","75","147","99","43","0","7","15","2","17","0","6","1","2","23","15","5","4","0","92","11","100","138","17","47","1","85","3","65","53","101","65","37","0","4","13","7","15","4","4","1","3","23","17","4","3","0"
"Southampton","2012-13","6.79","243","31","242","378","9","126","3","221","11","166","129","266","172","78","0","14","27","4","32","2","8","3","6","42","26","11","8","0","97","11","127","167","6","60","2","86","4","76","73","103","89","43","0","3","15","5","13","2","6","2","3","21","10","9","4","0","106","11","110","164","4","57","2","100","4","73","54","119","73","35","0","7","12","2","15","2","2","2","4","19","11","6","4","0"
"West Ham","2012-13","6.79","158","53","282","313","13","163","4","202","5","158","133","224","146","122","1","11","25","7","25","2","12","4","2","39","22","12","9","0","129","18","127","198","9","63","4","115","6","94","65","129","106","39","0","8","15","3","17","0","5","4","0","22","13","7","6","0","120","8","94","147","16","57","2","88","3","64","70","141","54","27","0","3","9","5","11","2","4","0","2","17","10","5","2","0"
"Sunderland","2012-13","6.74","199","31","187","268","17","128","4","168","5","139","110","180","178","59","0","10","21","8","21","3","11","4","3","35","14","23","2","0","125","13","101","157","8","72","2","100","3","73","66","115","89","35","0","6","9","4","11","0","6","2","2","17","8","11","0","0","120","14","100","163","5","66","0","86","0","84","64","131","73","29","1","5","12","4","14","1","6","0","0","21","15","2","3","1"
"Queens Park Rangers","2012-13","6.74","278","19","203","336","30","130","4","219","5","147","134","334","108","58","0","4","14","12","20","4","5","1","4","29","20","6","4","0","135","27","136","209","13","70","5","131","6","94","73","146","94","56","2","8","19","4","21","2","5","3","0","28","12","9","9","1","74","19","78","98","2","67","4","79","4","51","41","91","45","35","0","2","10","0","5","0","4","3","0","9","8","1","3","0"
"Newcastle United","2012-13","6.72","265","21","246","392","14","121","5","230","8","174","128","312","134","84","2","4","28","11","31","2","6","4","2","39","24","12","6","1","156","13","153","229","10","79","4","148","4","98","76","179","85","56","2","1","16","6","13","2","5","3","0","20","14","4","4","1","74","18","86","111","9","56","2","68","2","66","44","65","89","24","0","4","12","4","10","3","5","2","1","18","6","12","2","0"
"Stoke","2012-13","6.72","158","43","189","227","9","149","5","185","9","114","91","200","103","87","0","9","23","1","14","1","15","3","4","30","18","6","9","0","110","26","102","157","6","73","2","105","2","78","55","96","90","52","0","9","13","2","15","0","8","1","1","23","12","5","7","0","109","8","93","163","4","42","1","82","4","76","52","133","49","28","0","3","12","5","18","0","1","1","2","19","10","8","2","0"
"West Bromwich Albion","2012-13","6.71","239","43","224","360","22","116","7","216","12","170","120","247","178","79","2","14","29","7","31","5","9","5","3","45","19","17","13","1","158","11","109","189","14","73","2","131","2","83","64","193","54","31","0","1","5","7","9","2","1","1","2","12","10","1","2","0","71","20","134","148","4","73","0","98","1","62","65","99","71","54","1","4","4","2","6","0","4","0","1","10","4","3","3","0"
"Wigan","2012-13","6.68","228","38","234","348","19","132","1","200","5","170","130","266","162","71","1","11","29","5","29","2","13","1","3","44","29","6","9","1","84","24","111","129","7","82","1","106","5","63","50","109","58","52","0","7","13","1","9","1","11","0","4","21","10","5","6","0","84","16","109","137","12","59","1","96","4","63","50","96","64","48","1","4","12","3","10","2","6","1","0","18","6","6","6","1"
"Norwich","2012-13","6.66","194","43","176","270","11","130","2","183","6","134","96","153","160","100","0","13","22","5","22","0","17","1","1","39","15","12","13","0","108","24","134","185","14","66","1","114","5","86","66","135","89","42","0","6","17","1","15","1","7","1","3","23","14","4","6","0","104","16","88","151","9","46","2","85","6","76","47","101","84","23","0","6","10","3","10","3","4","2","3","17","7","8","4","0"
"Reading","2012-13","6.64","152","39","202","252","15","122","4","182","6","129","82","167","122","103","1","11","26","4","22","2","13","4","0","37","14","14","12","1","68","23","93","115","3","63","3","86","2","66","32","71","58","55","0","7","14","1","12","0","7","3","0","19","8","8","6","0","84","17","74","113","5","57","0","78","4","56","41","57","70","48","0","4","9","3","7","0","9","0","0","16","3","7","6","0"
"Liverpool","2013-14","7.18","281","41","329","461","27","151","12","263","18","258","130","415","173","60","3","20","57","19","51","9","26","10","5","86","50","31","14","1","129","31","216","266","14","91","5","142","4","136","98","176","145","54","1","9","38","12","40","3","12","4","1","55","37","17","5","0","100","19","161","201","9","61","9","112","8","113","55","175","75","29","1","10","30","6","24","5","9","8","2","38","26","15","4","1"
"Manchester City","2013-14","7.13","226","51","396","479","22","165","7","270","10","238","165","315","246","111","1","16","65","16","66","5","20","6","3","91","61","26","10","0","181","22","168","260","18","90","3","151","10","145","75","240","98","31","2","10","27","13","27","4","17","2","3","48","24","16","10","0","77","19","128","156","3","63","2","91","4","80","53","104","75","44","1","7","21","6","25","1","6","2","1","32","18","12","4","0"
"Chelsea","2013-14","7.07","316","48","328","535","15","135","7","282","13","229","181","468","140","83","1","18","34","17","44","5","15","5","2","64","45","18","6","0","100","22","162","200","7","76","1","100","7","115","69","104","126","53","1","12","22","2","28","1","6","1","1","35","13","16","7","0","140","18","161","249","9","60","1","135","8","94","90","207","75","36","1","4","14","9","20","2","4","1","2","26","15","9","3","0"
"Arsenal","2013-14","7.05","193","35","295","379","15","126","3","179","9","213","131","211","227","84","1","14","49","5","54","3","8","3","2","65","28","28","12","0","176","30","167","286","6","75","6","147","5","135","91","261","65","47","0","14","20","8","24","3","11","4","0","38","30","9","3","0","97","20","180","213","8","74","2","128","6","102","67","139","101","57","0","7","27","4","26","2","8","2","2","36","24","9","5","0"
"Everton","2013-14","7.01","240","38","283","414","19","125","3","209","12","196","156","281","205","73","2","13","32","13","40","3","12","3","4","55","28","24","6","0","133","25","155","225","14","72","2","113","6","119","81","157","115","39","2","10","20","7","25","2","8","2","0","35","21","11","5","0","107","13","128","189","5","53","1","96","6","77","75","124","90","34","0","3","12","6","15","1","4","1","4","20","7","13","1","0"
"Manchester United","2013-14","6.95","186","51","289","385","8","128","5","213","11","183","130","272","161","92","1","15","37","11","46","1","11","5","1","58","35","18","10","0","125","19","157","221","5","74","1","123","5","103","75","170","71","59","1","6","19","5","22","1","6","1","1","29","17","6","7","0","93","13","133","179","8","50","2","79","2","98","62","107","101","31","0","2","27","3","26","2","2","2","1","30","15","12","5","0"
"Southampton","2013-14","6.91","236","33","265","391","8","132","3","215","11","179","140","313","123","94","4","10","34","8","35","2","12","3","1","49","30","10","10","2","113","19","107","186","6","46","1","112","6","72","55","128","69","40","2","4","14","8","18","3","4","1","0","25","11","13","1","1","77","17","104","136","3","56","3","78","3","66","54","89","78","31","0","3","9","3","8","1","4","2","0","13","7","6","2","0"
"Crystal Palace","2013-14","6.85","183","35","196","276","12","120","6","180","6","143","91","176","164","74","0","7","20","5","17","2","8","5","1","27","11","15","6","0","109","32","161","229","5","65","3","122","7","103","77","168","86","48","0","8","16","5","21","0","5","3","0","26","17","6","6","0","111","14","108","170","3","58","2","92","6","76","65","143","52","35","3","4","15","3","13","1","6","2","0","20","13","4","3","2"
"Tottenham","2013-14","6.84","298","29","260","436","16","129","6","227","8","192","168","344","178","62","3","12","28","10","30","4","11","5","1","45","29","14","6","1","159","18","122","209","7","79","4","117","4","99","83","181","86","30","2","8","15","6","17","1","7","4","0","25","18","9","1","1","133","15","94","184","9","48","1","99","5","83","60","156","67","19","0","6","8","4","13","3","1","1","2","17","15","3","0","0"
"Stoke","2013-14","6.83","203","32","193","320","7","96","5","201","12","137","90","221","127","78","2","6","23","14","29","3","7","4","0","39","22","18","2","1","104","17","123","166","6","70","2","122","6","74","48","102","87","54","1","6","13","4","15","1","5","2","0","21","15","6","2","0","139","11","138","227","9","50","2","110","4","93","85","163","92","32","1","4","13","4","13","3","4","1","1","20","11","5","5","0"
"Newcastle United","2013-14","6.82","310","34","235","427","17","132","3","249","9","182","148","362","148","69","0","15","18","8","28","3","8","2","2","39","22","11","8","0","122","16","112","186","4","58","2","108","3","96","46","160","48","41","1","3","19","7","20","0","7","2","1","27","17","6","5","1","121","9","115","198","4","41","2","105","3","66","74","143","66","36","0","3","13","2","13","0","3","2","1","16","9","4","5","0"
"Swansea","2013-14","6.81","243","25","227","384","8","99","4","213","6","162","120","303","114","77","1","6","32","9","33","0","10","4","2","43","26","10","10","1","177","19","141","243","8","84","2","150","4","99","88","206","81","50","0","9","10","4","15","0","7","1","0","22","7","8","8","0","108","7","83","148","9","39","2","84","6","60","54","119","54","25","0","3","11","3","12","3","1","1","2","16","10","4","3","0"
"West Ham","2013-14","6.79","166","35","221","281","10","129","2","204","8","122","96","171","148","101","2","11","22","4","23","2","10","2","1","35","24","8","5","0","106","18","92","140","9","64","3","102","3","77","37","87","86","43","0","4","11","2","9","1","4","3","1","14","4","9","4","0","62","18","98","115","4","59","0","82","2","48","48","69","61","47","1","5","9","0","8","1","5","0","1","14","9","2","3","0"
"West Bromwich Albion","2013-14","6.75","214","30","242","339","9","136","2","212","4","147","127","272","123","89","2","6","27","8","32","1","6","2","2","39","20","15","6","0","103","20","135","185","6","66","1","113","1","79","66","140","67","49","2","3","17","3","19","1","2","1","2","22","12","7","4","0","90","13","86","134","1","50","4","89","6","65","35","93","58","38","0","2","9","6","11","0","3","3","0","14","11","5","1","0"
"Hull","2013-14","6.72","197","31","201","289","3","134","3","182","11","132","115","195","131","100","3","7","21","7","21","2","10","2","3","33","11","13","10","1","125","23","119","189","4","72","2","118","6","79","70","120","96","49","2","2","9","6","13","0","3","1","0","16","8","4","5","0","111","10","107","154","3","70","1","99","3","68","61","132","56","40","0","3","10","5","13","0","4","1","0","17","8","8","2","0"
"Aston Villa","2013-14","6.71","224","12","195","332","12","83","4","186","8","135","110","245","115","71","0","6","26","6","25","4","7","2","4","36","20","8","10","0","123","18","108","165","1","80","3","107","8","76","66","117","75","56","1","5","10","3","9","0","7","2","2","16","5","9","4","0","74","13","93","124","2","54","0","75","3","56","49","78","56","44","2","2","11","4","12","2","3","0","1","17","6","4","6","1"
"Sunderland","2013-14","6.68","257","30","204","330","11","144","6","217","9","138","136","279","157","53","2","8","29","4","18","4","13","6","6","35","23","11","7","0","121","22","123","189","8","68","1","115","6","94","57","115","100","50","1","7","10","5","12","1","8","1","4","21","9","10","3","0","96","16","87","130","5","60","4","90","5","63","46","115","62","21","1","4","13","3","6","4","6","4","3","16","11","6","3","0"
"Fulham","2013-14","6.66","205","31","195","301","13","114","3","185","6","149","97","194","158","78","1","11","18","9","21","1","14","2","5","36","18","13","7","0","161","14","117","200","6","84","2","127","4","75","90","164","95","32","1","4","16","1","12","0","7","2","3","19","12","5","4","0","84","9","72","112","5","46","2","70","0","55","40","79","58","28","0","4","8","4","9","0","6","1","1","15","9","3","4","0"
"Norwich","2013-14","6.66","228","33","206","339","9","117","2","192","10","148","127","210","176","79","2","2","17","9","22","1","4","1","3","27","15","6","7","0","116","5","112","184","3","44","2","102","2","75","56","126","61","46","0","3","15","3","13","1","6","1","2","20","10","4","7","0","91","12","88","123","3","65","0","81","3","53","57","78","71","41","1","1","8","3","6","0","6","0","0","12","2","6","3","1"
"Cardiff","2013-14","6.64","193","32","193","277","4","136","1","184","6","124","110","163","154","97","4","6","20","4","16","0","13","1","0","29","7","12","9","2","102","20","105","154","1","71","1","103","3","71","53","85","83","56","3","5","12","1","10","0","7","1","0","17","5","6","6","1","103","10","87","150","5","45","0","74","4","69","57","90","80","30","0","0","8","3","9","1","1","0","3","11","7","2","2","0"
"Arsenal","2014-15","7.15","233","34","343","467","14","122","7","212","10","227","171","338","196","76","0","14","46","9","45","2","16","6","1","63","40","19","10","0","134","17","207","277","6","72","3","120","8","140","98","198","118","42","0","7","26","8","28","1","10","2","1","39","24","12","5","0","99","17","136","190","8","50","4","92","2","87","73","140","78","34","0","7","20","1","17","1","6","4","0","24","16","7","5","0"
"Manchester City","2014-15","7.07","228","32","410","497","29","136","8","251","15","229","190","379","215","76","0","13","54","15","53","10","12","7","2","75","46","31","5","0","128","22","164","228","2","79","5","112","3","122","80","196","79","39","0","9","25","2","25","0","7","4","1","32","23","7","6","0","116","12","180","231","16","59","2","129","7","100","79","178","94","36","0","4","27","8","29","7","1","2","2","37","24","12","3","0"
"Chelsea","2014-15","7.06","230","42","292","428","10","121","5","205","11","210","149","353","138","73","0","19","46","7","52","1","15","4","1","68","45","17","10","0","110","19","156","210","2","70","3","105","2","105","75","108","131","45","1","9","25","6","28","1","9","2","1","38","19","12","9","0","102","20","128","200","8","42","0","93","8","88","69","157","59","34","0","10","21","5","27","1","8","0","0","36","22","10","4","0"
"Manchester United","2014-15","6.99","203","37","273","380","7","121","5","189","7","180","144","198","234","79","2","14","39","7","43","2","12","3","1","57","25","23","12","0","112","20","230","266","13","77","6","122","8","129","111","201","121","40","0","9","27","7","24","3","11","5","0","38","22","19","2","0","75","18","102","125","5","60","5","76","5","63","56","103","67","24","1","8","16","2","12","0","10","4","0","22","14","5","7","0"
"Southampton","2014-15","6.91","192","31","287","378","3","126","3","219","11","169","122","282","151","74","3","7","38","4","41","0","6","2","0","47","29","16","3","1","106","23","162","218","0","72","1","124","9","97","70","158","87","45","1","5","24","3","29","0","2","1","0","31","18","11","2","1","93","18","117","170","5","51","2","84","5","75","69","90","103","34","1","5","14","1","15","1","3","1","0","19","6","11","3","0"
"Liverpool","2014-15","6.9","285","25","280","447","14","123","6","233","10","192","165","389","144","55","2","7","33","8","35","2","6","5","3","43","33","9","5","1","164","11","156","250","8","69","4","131","6","106","94","212","83","35","1","4","19","6","22","0","4","3","0","26","19","5","4","1","127","14","92","167","4","60","2","81","5","82","70","138","68","25","2","4","17","6","16","1","9","1","2","26","16","6","3","2"
"Tottenham","2014-15","6.89","272","28","227","377","13","132","5","203","11","171","153","292","167","66","2","12","33","11","36","2","15","3","2","53","33","13","8","2","145","30","134","205","8","95","1","133","5","78","98","176","76","57","0","9","18","4","24","0","6","1","0","30","13","7","11","0","92","12","87","141","3","46","1","78","4","65","48","121","47","22","1","4","10","3","15","0","1","1","1","16","10","4","2","1"
"Stoke","2014-15","6.87","240","43","219","349","16","134","3","213","9","136","153","291","124","86","1","12","28","7","37","1","6","3","0","44","21","12","14","0","146","26","138","211","6","90","3","117","10","89","104","203","56","50","1","7","7","6","11","0","8","1","1","19","13","3","4","0","121","14","124","197","6","54","2","102","4","86","71","177","61","20","1","3","14","2","13","2","2","2","3","17","14","4","1","0"
"Swansea","2014-15","6.86","203","20","203","317","4","103","2","167","10","148","111","276","95","52","3","5","30","8","36","1","4","2","1","41","29","7","5","2","92","17","166","179","10","82","4","129","5","83","63","114","98","60","3","6","19","2","17","1","6","3","2","24","15","7","4","1","77","20","116","138","7","68","0","86","5","69","58","98","59","56","0","5","9","5","12","1","6","0","2","19","7","4","8","0"
"West Ham","2014-15","6.85","176","47","266","316","15","156","2","196","10","152","141","233","136","119","1","11","23","9","29","1","12","1","2","42","17","11","15","0","145","14","135","210","9","72","3","122","6","89","83","154","99","41","0","8","16","5","20","1","6","2","0","27","17","7","5","0","95","13","85","144","8","39","2","80","4","58","55","115","48","29","1","3","10","3","13","1","0","2","0","14","8","5","3","0"
"Leicester","2014-15","6.84","167","30","260","304","19","130","4","208","8","137","112","191","174","88","4","12","25","8","27","3","12","3","6","42","22","15","7","1","99","27","150","178","8","88","2","110","5","83","83","135","77","63","1","6","14","4","17","0","6","1","0","23","10","7","7","0","88","14","90","127","10","54","1","80","2","72","40","81","82","29","0","4","7","4","9","1","4","1","5","14","6","5","4","0"
"Crystal Palace","2014-15","6.83","166","44","232","283","8","145","6","171","9","139","132","233","139","69","1","14","26","6","22","0","19","5","0","41","24","12","10","0","111","8","116","176","1","57","1","89","6","83","63","155","48","30","2","1","20","5","21","1","3","1","0","25","19","3","3","1","86","8","125","160","3","54","2","95","2","72","52","124","64","29","2","2","14","1","12","0","4","1","0","16","11","5","1","0"
"Everton","2014-15","6.82","238","21","224","342","18","116","7","180","7","166","137","247","175","60","1","9","29","8","26","5","11","4","2","42","24","12","10","0","105","22","142","176","13","80","0","111","3","81","77","155","70","44","0","6","17","3","21","1","4","0","1","26","14","9","3","0","107","9","100","160","7","46","3","79","2","82","55","105","83","28","0","4","12","5","15","1","3","2","1","19","14","3","4","0"
"Burnley","2014-15","6.79","177","32","221","305","6","116","3","182","11","125","123","178","169","83","0","7","16","4","19","0","7","1","2","26","11","8","8","0","131","12","124","182","11","70","4","101","5","84","82","142","92","32","1","5","17","3","11","4","8","2","1","23","10","9","6","0","85","15","98","139","3","55","1","90","4","55","53","82","75","41","0","4","7","2","10","0","3","0","1","13","6","3","4","0"
"West Bromwich Albion","2014-15","6.77","190","35","186","282","6","118","5","172","9","132","107","245","99","67","0","12","22","3","13","1","19","4","0","33","18","3","16","0","92","17","123","166","3","61","2","92","7","70","70","96","94","42","0","3","9","2","9","0","4","1","1","13","5","5","4","0","82","17","71","104","6","58","2","73","6","54","43","100","41","29","0","6","6","1","1","1","10","1","0","12","4","1","8","0"
"Queens Park Rangers","2014-15","6.77","271","37","227","358","9","163","5","216","14","150","169","347","94","93","1","10","21","8","23","1","12","3","3","36","22","7","10","0","104","9","130","170","3","69","1","105","6","78","60","93","86","64","0","2","15","1","13","1","3","1","0","17","9","3","6","0","75","13","94","125","9","48","0","79","3","54","49","77","76","28","1","6","6","6","10","2","6","0","4","18","7","8","3","0"
"Hull","2014-15","6.75","188","20","221","304","6","118","1","190","10","131","108","177","149","103","0","4","25","3","22","2","7","1","0","31","14","8","10","0","108","18","115","178","0","60","3","99","3","78","64","145","58","38","0","6","16","2","12","0","9","3","0","21","14","2","8","0","84","11","91","134","3","49","0","85","4","53","48","84","63","39","0","2","10","2","9","1","4","0","0","14","5","5","4","0"
"Sunderland","2014-15","6.75","194","29","185","269","14","121","4","157","5","130","121","185","154","69","0","8","16","6","15","2","9","4","5","26","11","11","8","0","91","26","130","158","3","85","1","95","4","76","76","130","72","45","0","6","10","4","10","0","9","1","0","19","10","7","3","0","85","13","97","138","3","54","0","84","1","61","50","101","66","28","0","2","9","2","8","1","4","0","0","13","8","2","3","0"
"Newcastle United","2014-15","6.74","200","39","229","308","15","144","1","193","6","143","132","265","136","67","0","8","26","6","31","1","7","1","1","39","20","13","7","0","106","15","95","142","4","67","3","77","3","58","81","104","72","40","0","4","9","2","6","1","5","3","0","12","5","6","4","0","95","17","87","132","2","64","1","82","3","62","55","110","66","23","0","2","9","3","10","0","3","1","0","13","6","4","4","0"
"Aston Villa","2014-15","6.69","168","24","225","284","13","119","1","188","5","125","104","200","141","76","0","4","24","3","18","2","10","1","1","30","19","5","7","0","83","11","128","146","10","65","1","104","4","64","54","99","75","48","0","2","15","1","10","1","6","1","1","17","11","3","4","0","125","11","89","147","3","73","2","99","4","61","65","144","38","43","0","3","14","2","12","1","4","2","2","17","9","4","6","0"
"Arsenal","2015-16","7.08","158","53","361","430","11","129","2","206","11","211","155","299","167","103","3","16","42","4","45","3","13","1","4","61","28","21","13","0","81","29","212","238","4","80","0","129","9","115","78","157","91","71","3","11","16","3","24","0","6","0","2","30","11","11","8","0","78","20","148","162","7","70","7","99","1","91","56","122","79","44","1","5","27","1","20","2","5","6","0","27","14","12","6","1"
"Leicester","2015-16","7.06","187","46","289","349","13","147","13","215","9","179","128","243","187","91","1","10","54","3","41","5","11","10","1","57","34","21","11","1","122","28","198","242","2","98","6","136","5","116","96","179","103","59","7","9","28","10","33","2","9","3","1","44","25","13","8","1","77","24","149","192","7","49","2","77","2","96","77","142","76","32","0","5","26","1","21","3","7","1","2","31","17","10","5","0"
"Tottenham","2015-16","7.01","300","34","324","492","11","150","5","227","15","250","181","375","213","70","0","12","46","10","44","2","17","5","3","63","41","20","7","0","109","26","141","187","6","77","6","116","8","88","72","121","108","47","0","5","27","2","21","3","6","4","1","30","20","9","5","0","132","15","143","224","5","58","3","108","10","105","77","170","93","27","0","7","22","5","23","1","7","3","2","31","25","7","2","0"
"Manchester City","2015-16","7.01","232","43","340","434","6","167","8","230","9","210","175","325","188","95","7","13","44","14","47","5","14","5","1","66","38","19","13","1","168","19","181","268","6","92","2","119","5","145","104","205","120","43","0","5","24","5","21","1","10","2","1","32","16","13","5","0","110","15","142","192","4","69","2","94","4","94","79","146","85","36","0","4","16","4","14","3","5","2","0","22","13","6","5","0"
"West Ham","2015-16","6.92","229","45","284","375","8","171","4","235","13","186","137","331","113","110","4","11","43","10","42","2","16","4","3","60","36","13","15","0","93","19","171","203","4","73","3","128","5","93","62","131","90","60","2","11","24","3","26","2","8","2","0","36","19","12","7","0","103","19","122","168","1","74","1","103","7","80","61","148","49","47","0","4","20","7","24","0","6","1","0","30","18","9","4","0"
"Southampton","2015-16","6.91","181","37","301","383","5","127","4","231","10","167","121","254","160","101","4","15","36","6","38","3","13","3","0","54","28","14","15","0","176","16","178","286","3","80","1","137","4","109","124","221","105","44","0","6","18","9","25","0","7","1","0","32","16","10","7","0","84","15","126","171","6","47","1","83","3","79","63","132","69","24","0","5","16","6","22","1","3","1","0","26","18","7","2","0"
"Liverpool","2015-16","6.91","290","32","307","477","8","142","2","221","10","202","206","369","186","74","0","10","37","15","44","1","15","2","1","60","33","17","12","0","115","11","122","176","3","67","2","85","5","75","88","147","76","25","0","5","16","4","18","1","4","2","1","23","14","8","3","0","114","16","129","191","5","62","1","84","6","93","82","148","81","30","0","4","19","6","19","1","8","1","1","28","17","7","5","0"
"Everton","2015-16","6.88","194","33","264","360","7","119","5","170","13","175","146","234","182","74","1","9","41","6","42","2","8","4","2","52","26","20","10","0","126","26","162","207","7","97","3","132","6","106","76","183","64","63","4","7","23","3","18","2","10","3","3","30","18","4","11","0","88","18","130","180","1","54","1","103","5","74","59","123","70","41","2","4","12","3","12","1","5","1","0","18","9","2","8","0"
"Chelsea","2015-16","6.87","207","34","285","394","9","118","5","196","4","173","157","326","139","60","1","9","35","11","39","1","11","4","3","51","34","15","6","0","119","12","147","209","3","62","4","101","6","94","83","130","109","38","1","3","26","4","28","1","1","3","1","30","16","14","3","0","75","21","117","151","4","57","1","69","7","81","63","104","73","36","0","6","15","2","14","1","7","1","1","22","10","6","7","0"
"Manchester United","2015-16","6.83","192","20","218","308","5","114","3","149","7","144","137","265","119","45","1","9","32","5","34","2","7","3","1","43","28","13","5","0","85","11","132","175","8","43","2","80","3","91","57","133","59","35","1","5","22","4","19","4","6","2","1","29","17","6","7","1","92","7","97","147","4","41","4","71","5","66","59","140","39","17","0","1","16","1","13","0","2","3","1","15","14","3","1","0"
"Watford","2015-16","6.8","206","20","220","322","7","110","7","178","9","140","128","295","95","56","0","6","28","3","23","0","8","6","3","31","26","6","5","0","123","19","159","223","3","71","4","113","1","94","94","194","70","36","1","4","19","5","17","0","8","3","3","25","16","8","4","0","77","9","96","132","2","47","1","64","2","69","49","118","43","20","1","4","16","1","16","1","3","1","0","20","14","5","2","0"
"Crystal Palace","2015-16","6.76","195","38","236","305","2","157","5","199","9","152","118","239","151","79","0","12","20","6","19","0","15","4","2","34","20","11","7","0","114","13","123","175","3","69","3","107","4","74","69","155","56","39","0","5","12","2","10","0","6","3","2","16","12","3","4","0","75","21","72","117","1","49","1","82","2","44","42","90","40","37","1","6","4","3","8","0","5","0","0","13","6","1","5","1"
"Sunderland","2015-16","6.76","199","28","212","302","6","128","3","179","9","142","118","253","133","52","1","11","25","8","24","2","15","3","4","41","25","17","2","0","120","8","119","173","3","70","1","101","5","72","74","149","70","27","1","2","13","6","10","1","9","1","2","20","13","8","0","0","87","10","102","153","0","43","3","94","0","65","40","99","68","32","0","4","12","3","13","0","3","3","0","16","11","2","6","0"
"Swansea","2015-16","6.75","204","19","218","317","4","115","5","178","12","136","127","243","127","70","1","6","28","7","25","3","8","5","2","36","24","10","6","1","114","17","127","175","0","81","2","105","6","89","64","137","82","39","0","4","10","4","10","0","6","2","2","16","10","5","3","0","81","21","109","130","2","76","3","94","3","63","54","102","69","40","0","8","10","2","9","0","9","2","0","18","10","6","4","0"
"Stoke","2015-16","6.74","201","25","192","316","1","96","5","196","4","128","94","193","162","62","1","10","22","8","29","0","6","5","1","35","23","7","9","1","108","11","108","159","2","64","2","97","8","62","68","127","63","36","1","2","14","3","10","2","5","2","0","17","7","6","5","1","98","7","116","167","2","50","2","86","2","60","75","110","82","28","1","3","15","2","15","0","3","2","2","18","13","3","4","0"
"Newcastle United","2015-16","6.73","138","20","239","307","10","77","3","146","5","151","100","215","105","76","1","6","31","6","28","4","8","3","1","40","20","10","12","1","114","15","90","163","1","53","2","102","4","63","54","94","94","30","1","6","10","5","16","0","3","2","1","19","12","5","3","1","96","8","110","158","2","51","3","81","4","74","59","116","64","34","0","4","14","4","15","1","3","3","2","19","17","4","1","0"
"West Bromwich Albion","2015-16","6.72","155","49","185","264","2","118","5","176","7","106","107","222","85","81","1","12","17","3","19","0","12","1","0","31","15","4","12","1","99","9","109","149","1","65","2","99","4","61","57","134","44","39","0","2","8","2","8","0","2","2","2","10","7","2","3","0","79","20","93","129","3","58","2","78","4","70","44","104","63","25","0","9","12","2","14","1","6","2","2","21","12","9","2","0"
"Bournemouth","2015-16","6.71","215","18","231","336","2","122","4","180","5","142","142","217","173","73","1","7","30","6","28","0","12","3","2","40","25","7","11","0","117","11","115","169","0","72","2","94","3","82","67","107","91","45","0","4","15","4","13","0","9","1","0","22","12","4","7","0","78","7","78","116","3","44","0","68","3","49","46","89","37","37","0","2","6","4","6","1","5","0","1","12","6","3","3","0"
"Aston Villa","2015-16","6.69","177","16","187","265","4","109","2","167","7","110","103","223","81","76","0","4","14","6","14","1","7","2","3","22","13","5","6","0","80","28","113","147","1","69","4","94","5","62","65","132","45","44","0","6","13","0","11","0","7","1","0","18","9","3","7","0","53","9","107","132","2","34","1","66","2","60","43","82","46","41","0","1","9","2","9","0","2","1","0","11","3","4","5","0"
"Norwich","2015-16","6.61","186","31","201","301","1","115","1","190","8","129","99","217","128","73","0","7","25","6","27","0","10","1","1","37","23","12","3","0","106","19","107","161","0","70","1","111","6","70","51","117","76","39","0","4","17","4","17","0","7","1","1","24","13","9","3","0","80","12","94","140","1","45","0","79","2","59","48","100","52","34","0","3","8","2","10","0","3","0","0","13","10","3","0","0"
"Chelsea","2016-17","7.05","216","30","334","398","18","160","4","220","12","204","156","344","176","59","1","14","57","12","52","7","22","2","2","81","51","24","8","0","117","17","182","216","8","89","3","111","6","121","84","189","91","35","1","9","40","5","38","1","13","2","1","52","31","17","6","0","120","26","151","214","4","74","5","113","6","102","82","160","105","31","1","9","29","3","27","2","7","5","2","36","22","14","5","0"
"Tottenham","2016-17","7.04","313","46","310","489","9","162","9","229","13","257","183","378","221","69","1","20","52","12","61","3","13","7","2","77","47","26","10","1","179","25","169","262","7","97","7","123","10","147","103","216","118","38","1","11","28","6","29","1","9","6","2","39","26","14","4","1","113","21","119","199","4","50","0","102","5","92","59","157","61","35","0","9","12","7","24","2","2","0","0","28","17","8","3","0"
"Manchester City","2016-17","7.01","241","50","342","462","12","150","9","251","15","216","166","322","235","75","1","16","52","7","51","6","11","7","5","68","40","27","8","0","105","17","155","192","5","77","3","91","3","111","75","134","99","42","2","7","30","3","29","2","7","2","2","38","17","15","8","0","134","21","141","227","2","65","2","106","3","110","80","162","103","31","0","9","24","6","32","2","4","1","0","38","21","12","6","0"
"Manchester United","2016-17","6.99","248","44","299","461","7","119","4","227","13","210","154","362","147","82","0","11","36","7","41","3","7","3","0","51","31","14","9","0","110","23","197","240","5","81","4","116","8","115","99","187","86","55","2","10","25","2","24","2","8","3","2","34","21","6","9","1","114","18","176","227","2","75","4","104","9","109","95","194","74","39","1","5","21","7","21","0","8","4","0","29","22","5","6","0"
"Arsenal","2016-17","6.99","187","41","338","425","7","128","6","203","12","201","162","318","157","89","2","21","45","7","55","2","12","4","4","69","38","17","17","1","135","23","180","262","3","69","4","125","8","118","95","205","86","47","0","2","24","0","17","1","5","3","0","23","14","6","6","0","99","13","152","182","10","71","1","109","6","83","72","155","85","24","0","5","17","7","14","6","9","0","1","29","20","7","2","0"
"Liverpool","2016-17","6.98","257","32","351","489","7","136","8","213","12","236","191","404","153","81","2","11","53","13","55","2","13","7","1","70","50","15","12","0","143","14","175","262","5","61","4","109","3","127","96","210","79","42","1","6","32","6","34","2","5","3","1","41","28","10","6","0","77","18","141","185","2","47","2","87","4","86","63","131","71","34","0","11","20","5","31","0","4","1","2","35","17","11","8","0"
"Everton","2016-17","6.91","198","33","271","363","7","128","4","180","6","191","131","238","174","87","3","11","44","3","41","2","12","3","4","55","25","20","13","0","121","24","191","248","8","76","4","138","9","114","84","162","130","44","0","7","23","4","24","4","4","2","3","32","18","13","3","0","98","21","108","160","4","61","2","89","4","72","66","128","60","38","1","10","16","2","14","2","10","2","0","26","11","9","8","0"
"West Ham","2016-17","6.76","230","42","227","330","9","156","4","215","11","138","146","271","132","94","2","16","24","6","24","3","16","3","1","43","20","13","13","0","101","19","120","143","9","85","3","95","4","83","62","115","77","47","1","5","18","6","19","2","6","2","2","27","18","5","6","0","91","11","147","191","0","56","2","96","4","87","66","123","87","38","1","3","17","2","20","0","1","1","2","21","13","7","1","1"
"Southampton","2016-17","6.76","210","33","307","419","0","125","6","227","9","179","144","275","178","96","1","8","27","4","29","0","7","3","2","36","20","14","4","1","108","12","135","190","2","58","5","92","6","91","72","127","93","34","1","3","28","2","23","0","7","3","2","30","17","12","3","1","93","16","116","171","2","51","1","89","3","80","56","104","75","45","1","4","14","0","12","0","5","1","2","17","8","5","5","0"
"Stoke","2016-17","6.76","161","42","222","292","1","126","6","172","9","137","116","186","152","83","4","11","21","5","24","0","9","4","4","33","17","12","7","1","85","24","119","160","0","64","4","83","8","79","66","102","83","41","2","7","14","1","14","0","5","3","2","19","12","5","4","1","90","17","109","139","1","73","3","92","6","64","60","113","59","44","0","7","17","1","17","0","6","2","1","23","12","6","7","0"
"Crystal Palace","2016-17","6.76","162","35","242","275","2","155","7","188","8","138","113","210","127","102","0","13","33","2","32","0","12","4","2","44","24","11","13","0","95","15","102","127","5","79","1","87","2","64","61","94","78","40","0","5","13","8","13","2","10","1","0","25","13","10","3","0","76","18","103","132","1","62","2","89","1","58","50","84","69","42","2","4","7","4","10","0","4","1","2","14","5","7","3","0"
"Bournemouth","2016-17","6.74","201","23","229","316","6","121","10","174","13","161","118","235","163","54","1","8","41","4","32","2","12","7","2","46","31","16","5","1","72","18","133","136","1","82","4","96","2","74","53","97","68","58","0","6","16","1","15","0","6","2","1","21","12","5","6","0","65","11","68","114","1","29","0","60","1","41","43","68","52","24","0","3","5","1","7","0","2","0","1","9","2","4","3","0"
"Middlesbrough","2016-17","6.74","150","24","177","250","5","94","2","150","2","100","101","137","145","68","1","8","17","1","14","3","7","2","1","24","7","11","8","0","85","13","109","136","4","65","2","90","1","59","58","69","93","44","1","5","12","0","7","3","5","2","0","15","5","7","5","0","93","11","94","126","4","63","5","82","7","70","46","108","70","20","0","5","13","2","9","2","5","4","0","16","14","4","2","0"
"Burnley","2016-17","6.72","179","28","185","230","5","151","6","165","3","120","107","191","134","67","0","8","23","8","19","2","12","6","0","33","23","12","4","0","84","22","113","149","8","61","1","96","3","72","51","96","69","53","1","8","15","4","11","3","12","1","0","26","11","7","9","0","84","13","83","103","0","72","5","78","1","56","46","97","56","27","0","3","10","0","6","0","2","5","0","8","10","2","1","0"
"Leicester","2016-17","6.71","183","33","217","256","17","154","6","166","6","145","122","202","146","83","2","8","29","9","28","4","10","4","2","42","23","13","10","0","95","18","123","155","2","77","2","101","5","82","53","115","64","56","1","9","16","2","13","1","11","2","0","25","8","11","7","1","63","11","96","109","2","58","1","69","0","63","38","83","40","47","0","3","12","3","11","0","6","1","0","17","7","4","7","0"
"West Bromwich Albion","2016-17","6.69","159","38","203","279","8","112","1","174","7","123","103","177","127","95","1","12","25","6","19","3","20","1","0","42","16","11","16","0","119","22","160","228","0","69","4","131","5","92","78","152","91","58","0","5","10","2","9","0","6","2","0","15","7","7","3","0","75","16","90","130","0","51","0","78","4","51","52","81","58","42","0","4","10","2","8","0","8","0","0","16","5","4","7","0"
"Swansea","2016-17","6.68","158","29","219","264","4","135","3","170","5","145","91","198","104","103","1","12","28","5","24","1","17","3","0","42","15","15","14","1","132","21","119","170","5","95","2","126","7","66","80","143","72","56","1","6","8","4","10","1","6","1","1","17","9","4","5","0","84","12","79","114","1","58","2","59","0","55","61","102","51","22","0","4","7","2","7","0","4","2","0","11","8","4","1","0"
"Watford","2016-17","6.65","190","22","210","288","3","128","3","167","4","143","112","243","102","75","2","7","28","4","25","0","11","3","1","36","22","8","9","0","99","15","118","161","2","66","3","95","4","77","60","134","47","50","1","4","19","1","14","0","7","3","1","21","14","4","6","0","91","7","92","127","1","62","0","72","0","66","52","109","55","25","1","3","9","3","11","0","4","0","0","15","8","4","3","0"
"Sunderland","2016-17","6.62","168","24","195","266","4","112","5","136","1","119","132","230","110","47","0","5","20","3","18","0","5","5","1","23","16","11","1","0","82","16","110","141","6","58","3","93","3","68","47","95","78","35","0","7","18","2","12","3","9","3","1","24","13","10","4","0","82","14","97","113","8","69","3","71","2","62","60","87","69","36","1","3","11","3","9","2","4","2","0","15","5","8","4","0"
"Hull","2016-17","6.6","162","28","207","263","13","118","3","183","10","126","88","184","142","71","0","9","23","4","16","3","14","3","1","33","17","15","4","0","84","12","116","152","3","54","3","77","1","64","71","128","59","25","0","1","13","1","11","0","1","3","1","12","8","7","0","0","80","12","97","122","7","60","0","90","7","58","41","89","64","36","0","2","5","2","4","0","5","0","0","9","4","5","0","0"
"Manchester City","2017-18","7.15","254","56","355","496","12","149","8","247","13","265","153","354","246","64","1","26","64","13","78","4","15","6","3","97","48","43","12","0","122","29","197","259","9","75","5","126","6","154","68","184","125","38","1","15","38","7","45","4","8","3","1","57","28","23","9","0","132","27","158","237","3","74","3","121","7","111","85","170","121","26","0","11","26","6","33","0","7","3","2","40","20","20","3","0"
"Liverpool","2017-18","6.99","247","44","347","495","19","121","3","229","10","233","176","306","244","85","3","17","56","9","60","9","11","2","2","80","36","34","12","0","116","29","198","257","10","72","4","105","6","147","91","188","121","34","0","10","39","5","39","0","12","3","0","51","26","18","10","0","94","13","143","189","9","51","1","90","4","88","72","140","81","29","0","5","22","4","25","1","4","1","1","30","16","11","4","0"
"Manchester United","2017-18","6.98","213","44","255","395","9","105","3","166","8","178","168","270","173","67","2","12","43","12","48","4","14","1","1","66","36","19","12","0","134","24","202","284","7","68","1","118","4","135","107","174","145","40","1","8","33","4","37","4","4","0","0","45","21","18","6","0","115","18","105","185","7","46","0","73","3","86","79","133","79","25","1","5","17","8","20","3","7","0","0","30","17","8","5","0"
"Tottenham","2017-18","6.95","267","37","319","444","19","157","3","225","10","216","182","368","174","77","4","16","44","10","48","8","12","2","4","68","31","28","10","1","98","26","150","210","2","59","3","93","5","92","89","137","94","42","1","7","26","4","28","1","7","1","1","36","19","11","7","0","110","20","139","192","10","64","3","102","5","96","71","159","75","33","2","8","21","5","24","2","6","2","0","32","16","12","5","1"
"Chelsea","2017-18","6.94","246","36","324","437","11","155","3","213","6","220","173","332","184","90","0","13","37","10","45","1","11","3","2","57","27","16","17","0","157","17","180","252","9","93","0","123","5","120","111","209","99","44","2","8","23","5","24","6","6","0","4","36","15","16","5","0","113","20","145","211","12","53","2","111","6","98","69","132","99","45","2","9","23","5","23","5","7","2","2","35","15","16","6","0"
"Arsenal","2017-18","6.92","225","42","327","447","12","130","5","198","11","234","162","319","214","60","1","14","53","6","54","0","15","4","1","69","39","21","13","0","152","23","181","248","2","104","2","123","2","132","101","192","103","61","0","8","15","6","20","0","7","2","1","27","11","5","13","0","86","9","114","128","9","69","3","79","3","59","71","105","65","39","0","3","9","4","6","3","4","3","0","13","8","6","2","0"
"Crystal Palace","2017-18","6.84","174","34","268","299","15","152","10","192","4","151","133","238","152","84","2","9","29","6","23","3","10","8","1","36","27","13","4","0","88","25","154","171","6","83","7","113","1","92","62","133","87","45","2","6","20","2","17","0","6","5","1","23","19","7","2","0","62","13","97","107","4","61","0","70","3","62","40","60","59","53","0","4","13","2","13","0","6","0","1","19","14","1","4","0"
"Burnley","2017-18","6.78","134","29","215","237","4","137","0","151","7","128","99","144","124","110","0","9","22","4","27","0","8","0","1","35","19","6","10","0","90","14","106","149","3","56","2","84","5","64","62","100","70","38","2","6","13","5","15","2","6","1","0","23","11","8","4","1","74","21","101","127","6","61","2","72","3","74","50","87","74","35","0","8","18","3","16","3","8","2","2","27","11","11","7","0"
"Leicester","2017-18","6.74","162","39","222","262","17","138","6","158","6","149","116","186","159","74","4","14","32","7","29","7","12","5","3","48","24","19","9","1","104","17","104","169","7","48","1","94","4","70","61","94","95","35","1","6","14","1","13","2","6","0","0","21","8","8","5","0","77","13","90","126","5","48","1","80","3","66","34","86","63","31","0","3","7","4","9","1","4","0","1","14","7","2","5","0"
"West Ham","2017-18","6.72","140","28","204","265","7","96","4","144","11","133","95","187","110","73","2","10","29","9","32","4","10","2","0","46","29","12","6","1","69","14","108","131","1","54","5","80","1","59","52","99","43","47","2","5","16","6","19","1","5","2","1","25","16","5","5","1","109","13","129","190","2","58","1","93","5","87","71","131","93","26","1","4","14","1","15","0","3","1","1","18","13","3","3","0"
"Newcastle United","2017-18","6.72","212","35","204","325","12","113","1","178","9","149","124","203","176","71","1","11","22","5","23","4","11","0","1","38","21","10","7","0","82","20","115","148","1","63","5","93","3","71","53","116","60","41","0","6","14","3","17","0","3","3","1","20","14","5","4","0","68","16","115","143","2","54","0","82","3","68","49","95","59","45","0","4","11","2","8","1","8","0","0","17","8","6","3","0"
"Stoke","2017-18","6.7","153","32","199","257","13","111","3","159","6","132","93","181","129","72","2","7","20","7","22","2","10","0","1","34","13","13","8","0","72","16","118","130","0","76","0","81","4","66","59","84","65","57","0","5","9","2","14","0","2","0","0","16","5","5","6","0","108","18","100","156","5","65","0","84","5","79","63","109","81","36","0","5","8","4","10","2","5","0","1","17","13","2","2","0"
"Brighton","2017-18","6.69","153","36","195","264","2","111","7","166","6","119","99","209","102","73","0","10","19","4","23","0","5","5","1","28","20","6","7","0","88","18","121","135","11","77","4","86","3","75","66","99","85","39","4","6","14","4","13","4","4","3","1","21","13","8","2","1","50","14","98","116","4","40","2","60","6","69","33","87","40","35","0","4","16","4","17","2","4","1","0","23","18","4","2","0"
"Everton","2017-18","6.67","130","25","204","250","6","95","8","152","3","121","86","197","76","84","2","8","26","8","29","2","6","5","2","37","25","8","8","1","76","19","109","131","8","63","2","79","3","66","59","95","66","41","2","4","13","3","13","1","6","0","0","20","6","11","3","0","77","16","109","144","2","54","2","85","1","62","55","116","48","37","1","4","8","4","13","0","3","0","1","16","10","3","3","0"
"Southampton","2017-18","6.67","177","36","237","322","7","118","3","192","10","145","113","229","133","88","0","8","25","3","19","2","12","3","1","33","13","16","7","0","88","15","135","162","3","69","4","108","4","70","60","136","54","46","2","6","18","2","16","1","6","3","1","23","15","4","6","1","83","6","111","136","0","61","3","66","4","76","58","120","57","22","1","2","15","2","9","0","7","3","0","16","13","4","2","0"
"Watford","2017-18","6.66","165","31","244","306","5","123","6","193","5","132","115","252","102","83","3","10","26","6","29","1","9","3","2","39","25","7","9","1","109","20","122","179","5","64","3","110","7","77","64","134","74","43","0","4","14","1","11","1","4","3","1","16","5","10","4","0","71","16","80","116","1","48","2","73","3","48","46","93","42","32","0","4","5","1","6","0","2","2","0","8","6","1","3","0"
"Bournemouth","2017-18","6.65","193","26","246","326","2","134","3","174","9","158","133","277","124","61","3","8","30","7","26","0","16","3","0","42","28","12","4","1","110","20","135","190","2","73","0","108","5","82","75","157","67","39","2","6","15","5","17","0","9","0","0","26","15","8","2","1","74","11","82","132","1","34","0","83","2","49","35","75","53","39","0","2","6","2","7","1","2","0","0","10","7","2","1","0"
"West Bromwich Albion","2017-18","6.63","146","41","191","261","5","111","1","176","4","114","88","151","128","97","2","14","15","2","14","2","14","1","0","30","13","7","10","1","86","18","111","145","5","64","1","78","4","68","69","120","60","34","1","3","11","3","10","0","6","1","0","16","13","3","1","0","61","11","96","119","5","41","3","72","2","62","34","98","33","37","0","3","10","2","10","1","1","3","1","12","9","3","3","0"
"Huddersfield","2017-18","6.61","157","22","183","250","10","100","2","143","4","109","110","183","123","54","2","5","19","1","17","2","4","2","3","23","11","8","5","1","72","30","109","129","4","77","1","93","2","65","53","76","75","58","2","12","9","0","7","1","12","1","0","20","6","5","9","1","70","14","70","105","6","42","1","55","1","55","44","84","48","22","0","4","7","0","8","1","1","1","1","10","7","2","2","0"
"Swansea","2017-18","6.59","145","27","166","232","6","99","1","135","6","103","100","180","97","59","2","8","15","4","16","0","10","1","1","26","16","7","3","1","87","8","113","145","4","58","1","88","3","54","66","99","75","32","2","1","12","1","9","1","3","1","2","13","4","6","3","1","59","9","55","87","1","35","0","57","2","35","31","60","37","25","1","5","4","1","6","0","4","0","1","10","3","4","2","1"
"Manchester City","2018-19","7.09","238","59","386","512","20","147","4","229","13","260","194","306","291","82","4","20","56","15","72","5","11","3","4","88","39","38","12","2","140","39","207","295","9","79","3","140","6","148","98","165","171","47","3","14","31","9","43","2","6","3","3","51","27","21","5","1","98","20","179","217","11","68","1","89","7","112","96","141","120","35","1","6","25","6","29","3","5","0","1","37","12","17","7","1"
"Liverpool","2018-19","7.01","198","54","323","402","24","142","7","208","12","226","141","244","244","86","1","20","61","5","53","6","20","7","3","79","32","35","19","0","126","34","176","241","13","79","3","122","8","126","88","151","137","47","1","14","37","2","38","1","11","3","2","50","20","21","12","0","72","20","147","161","11","63","4","86","4","100","53","93","107","39","0","6","24","3","15","5","9","4","1","29","12","14","7","0"
"Chelsea","2018-19","6.89","229","34","344","467","14","121","5","210","15","198","199","337","198","67","5","7","46","8","45","1","10","5","2","56","34","19","8","0","122","20","183","250","9","64","2","105","6","118","102","175","111","38","1","3","31","4","29","0","7","2","1","36","20","13","5","0","83","17","128","155","9","61","3","94","3","84","50","122","61","45","0","10","19","3","19","3","7","3","1","29","18","3","11","0"
"Tottenham","2018-19","6.86","211","49","277","366","23","144","4","206","9","189","142","282","163","92","0","17","35","14","41","5","16","4","1","62","37","15","14","0","81","23","153","188","5","60","4","94","4","97","66","144","78","34","1","6","29","5","28","2","6","4","2","36","29","10","0","1","76","9","114","133","9","51","6","80","3","71","48","102","63","34","0","2","25","4","18","1","7","5","1","26","19","8","4","0"
"Arsenal","2018-19","6.79","155","46","266","357","18","87","5","169","7","170","128","274","136","55","2","14","44","11","49","3","13","4","4","65","43","20","5","1","128","32","149","211","14","83","1","112","6","105","92","160","102","47","0","7","16","11","22","2","9","1","0","33","19","12","3","0","95","23","124","167","9","61","5","81","6","99","62","145","66","29","2","7","22","3","19","3","6","4","0","28","21","8","2","1"
"Crystal Palace","2018-19","6.78","183","30","280","332","18","132","11","206","13","148","139","235","181","76","1","6","34","8","28","2","8","10","3","38","29","14","5","0","93","28","148","175","12","80","2","114","5","86","69","150","62","53","4","5","20","2","15","3","7","2","1","25","17","4","5","1","76","21","120","136","10","66","5","78","1","85","54","104","67","46","0","7","13","5","12","2","7","4","2","21","16","4","5","0"
"Leicester","2018-19","6.78","218","36","261","351","21","136","7","198","5","184","133","267","150","96","2","9","31","8","24","8","11","5","3","43","28","11","9","0","88","21","136","153","8","81","3","97","6","88","60","112","74","56","3","8","21","2","18","0","10","3","1","28","14","7","9","1","76","13","89","126","3","48","1","72","3","62","44","94","59","25","0","5","11","1","12","0","5","0","1","17","6","6","5","0"
"West Ham","2018-19","6.77","164","39","238","290","19","127","5","170","9","157","114","209","140","89","3","14","32","5","32","3","11","5","1","46","24","16","10","1","142","15","141","215","11","70","2","120","4","99","79","163","83","50","2","2","18","3","12","6","4","1","1","22","12","7","4","0","107","14","161","217","5","57","3","105","9","80","97","162","87","29","4","4","15","4","16","1","3","3","1","20","14","6","3","0"
"Everton","2018-19","6.77","162","33","303","325","12","156","5","189","12","169","140","243","136","116","3","11","33","9","33","2","16","2","1","51","27","13","13","0","93","17","169","176","9","91","3","109","6","85","85","134","77","67","1","7","17","5","18","2","9","0","1","29","14","7","8","0","69","16","134","149","3","65","2","80","6","84","55","109","59","49","2","4","16","4","15","0","7","2","0","22","13","6","5","0"
"Wolverhampton Wanderers","2018-19","6.75","180","39","258","308","27","138","4","207","12","152","118","269","107","95","6","10","33","3","26","5","11","4","1","42","25","10","10","1","107","21","166","199","9","81","5","126","10","77","91","133","118","42","1","4","9","4","10","1","1","5","2","12","10","6","1","0","76","18","102","137","11","46","2","73","3","69","54","97","66","33","0","6","11","3","14","3","1","2","0","18","10","9","1","0"
"Manchester United","2018-19","6.74","215","43","268","361","17","136","12","171","6","225","130","315","136","73","2","14","41","10","40","4","12","9","0","56","46","14","4","1","72","14","142","133","12","76","7","91","5","82","55","116","55","56","1","2","24","3","12","4","8","5","1","24","15","8","6","0","87","11","110","133","15","58","2","93","7","66","49","119","45","42","2","5","13","1","11","2","4","2","0","17","8","6","5","0"
"Newcastle United","2018-19","6.74","178","28","240","306","12","125","3","186","10","142","118","203","155","88","0","10","29","2","29","1","10","1","1","40","17","12","12","0","114","24","120","177","6","74","1","100","3","89","69","144","73","40","1","6","12","8","19","0","6","1","1","25","16","5","4","1","48","18","83","83","5","60","1","64","2","49","36","54","56","39","0","6","13","2","13","0","7","1","0","20","10","6","5","0"
"Burnley","2018-19","6.7","107","59","194","217","9","132","2","155","7","116","89","132","127","100","1","19","22","2","26","1","14","2","2","41","18","11","13","1","102","15","151","180","9","77","2","114","7","80","74","109","96","63","0","5","18","1","17","1","5","1","0","23","11","6","7","0","72","10","130","145","11","55","1","90","6","69","53","129","56","26","1","2","19","4","17","3","4","1","1","24","17","4","4","0"
"Watford","2018-19","6.68","154","28","255","307","15","114","1","157","7","152","128","260","118","56","3","7","36","8","35","3","12","1","1","50","34","9","8","0","120","20","144","194","8","75","7","90","0","126","68","170","70","44","0","7","19","7","21","1","6","5","0","28","25","6","2","0","74","23","113","169","13","27","1","75","3","73","62","130","58","21","1","8","15","6","21","1","7","0","2","29","14","10","5","0"
"Southampton","2018-19","6.68","209","36","239","332","12","135","5","184","6","162","138","282","125","76","1","8","23","13","31","1","8","4","1","40","33","6","4","1","59","41","111","134","4","72","1","91","5","67","53","78","71","61","1","13","9","0","13","1","7","1","2","21","8","5","8","1","85","19","83","116","1","68","2","76","2","58","53","80","64","42","1","5","5","3","6","0","6","1","0","12","7","4","2","0"
"Bournemouth","2018-19","6.68","153","33","260","277","23","137","9","175","7","163","108","239","109","96","2","10","39","6","26","9","13","7","1","48","29","14","11","1","82","18","125","162","4","59","0","67","1","83","75","131","62","30","2","5","17","4","18","0","8","0","0","26","17","5","4","0","95","12","119","155","6","61","4","84","3","73","69","138","52","36","0","2","11","5","12","1","2","3","0","15","17","1","0","0"
"Cardiff","2018-19","6.62","166","43","208","241","9","163","4","179","8","126","112","196","130","87","4","12","16","5","19","0","11","3","1","30","23","6","4","0","127","19","128","195","8","70","1","121","8","83","70","153","66","53","2","5","13","3","14","2","5","0","1","21","14","1","6","0","81","19","118","144","11","61","2","84","2","81","53","123","54","40","1","8","15","3","14","5","5","2","0","24","14","6","5","1"
"Brighton","2018-19","6.61","144","32","195","226","11","128","6","174","6","108","89","176","101","92","2","11","23","1","12","4","14","5","0","30","17","8","10","0","78","16","112","120","8","74","4","103","4","53","50","100","54","52","0","7","12","0","6","3","7","3","0","16","10","4","5","0","66","16","83","106","3","54","2","71","2","55","39","76","47","40","2","4","11","1","6","1","7","2","0","14","7","4","5","0"
"Fulham","2018-19","6.56","208","29","217","338","10","103","3","192","11","146","116","243","122","87","2","7","22","4","24","2","5","2","1","31","22","4","7","0","81","24","125","125","8","95","2","103","6","68","59","116","66","45","3","7","11","2","13","0","5","2","1","18","16","2","2","0","81","10","89","143","2","33","2","71","3","63","46","90","56","34","0","2","9","1","10","0","0","2","0","10","8","3","1","0"
"Huddersfield","2018-19","6.47","170","17","214","265","13","122","1","169","6","118","114","187","124","90","0","5","11","5","10","1","9","1","1","20","6","8","7","0","90","12","102","132","6","65","1","92","6","58","54","94","64","46","0","3","4","2","6","1","1","1","1","8","2","4","3","0","80","5","112","133","7","57","0","77","0","60","60","93","60","44","0","2","7","3","4","0","8","0","0","12","4","4","4","0"
